Test,Reference
747,673,0
381,747,0
381,351,0
381,673,0
351,747,1
351,381,0
351,673,1
636,733,0
636,684,1
636,709,1
636,661,1
780,636,0
780,733,0
780,684,0
780,709,0
780,661,0
780,412,1
733,636,1
733,684,1
733,709,1
733,661,1
684,636,1
684,733,0
684,709,1
684,661,1
870,866,0
870,830,0
709,636,1
709,733,0
709,684,1
709,661,1
866,870,0
866,830,0
847,868,0
661,636,1
661,733,0
661,684,1
661,709,1
412,636,0
412,780,0
412,733,0
412,684,0
412,709,0
412,661,0
830,870,0
830,866,0
223,230,1
223,215,0
237,546,0
237,344,0
237,243,1
237,656,0
237,326,0
237,1126,0
237,263,0
237,676,0
237,228,1
237,774,0
237,824,0
586,790,0
586,552,0
586,816,0
586,609,0
586,46,0
586,344,0
586,230,0
586,478,0
586,691,0
586,646,0
586,694,1
586,1114,0
586,27,0
586,498,0
586,1119,0
586,470,0
586,129,0
586,505,0
586,850,0
586,306,0
586,476,0
586,49,0
586,835,0
586,759,0
586,163,0
586,375,0
586,984,0
586,616,0
586,986,0
790,586,0
790,183,0
790,552,0
790,181,0
790,816,0
790,609,0
790,46,1
790,344,1
790,230,0
790,391,0
790,121,0
790,478,0
790,691,0
790,646,0
790,694,0
790,27,1
790,498,1
790,1119,0
790,470,0
790,129,0
790,505,1
790,306,0
790,476,0
790,49,1
790,835,0
790,759,1
790,163,0
790,375,1
790,984,0
790,616,0
790,986,0
141,237,0
141,343,0
141,380,0
141,829,0
141,546,0
141,142,0
141,630,0
141,57,0
141,383,0
141,382,0
141,235,0
141,594,0
141,147,0
141,344,0
141,781,0
141,838,0
141,446,0
141,527,0
141,243,0
141,493,0
141,242,0
141,656,0
141,326,0
141,1103,1
141,680,0
141,1076,0
141,279,0
141,133,1
141,1128,0
141,261,0
141,1130,0
141,1119,0
141,29,0
141,1127,0
141,1126,0
141,263,0
141,475,0
141,676,0
141,463,0
141,846,0
141,12,0
141,612,0
141,835,0
141,411,0
141,968,0
141,598,0
141,836,0
141,823,0
141,228,0
141,774,0
141,72,0
141,171,1
141,64,0
141,824,0
141,59,0
83,949,0
83,85,1
83,344,0
83,86,0
83,921,0
83,29,0
83,463,0
83,940,0
83,836,0
83,88,0
83,72,0
54,40,1
54,46,1
54,34,1
54,27,1
54,65,0
40,34,1
40,65,0
343,344,0
380,237,0
380,343,0
380,424,0
380,546,0
380,383,0
380,382,1
380,369,0
380,235,0
380,147,0
380,437,0
380,344,0
380,434,0
380,838,0
380,446,0
380,527,0
380,243,0
380,1067,0
380,242,0
380,656,0
380,326,0
380,1103,0
380,1076,0
380,1074,0
380,319,0
380,1128,0
380,1075,0
380,261,0
380,1119,0
380,1086,0
380,1127,0
380,1126,0
380,263,0
380,10,0
380,676,0
380,305,0
380,612,0
380,411,0
380,836,0
380,228,0
380,774,0
380,365,0
342,586,0
342,40,0
342,740,0
342,93,1
342,645,0
342,34,0
342,285,0
342,694,0
342,292,0
342,498,0
342,276,0
342,505,0
342,918,0
342,850,1
342,113,0
342,984,0
342,946,1
342,65,0
424,380,0
424,383,0
424,382,0
424,437,0
424,1148,0
424,344,0
424,434,0
424,446,0
424,1067,0
424,656,0
424,326,0
424,1074,0
424,319,0
424,1075,0
424,1119,0
424,1086,0
424,1126,0
424,10,0
424,449,0
424,676,0
424,305,0
424,612,0
424,411,0
424,774,0
424,365,0
55,806,1
55,556,1
55,805,1
55,838,1
55,482,1
55,858,1
55,906,0
55,480,1
55,1049,1
55,924,0
55,1054,1
183,391,0
183,1119,0
829,838,0
829,1130,0
829,868,0
829,463,0
829,846,0
829,835,0
829,968,0
829,823,0
829,824,0
949,83,0
949,829,0
949,546,0
949,57,0
949,85,0
949,344,0
949,86,0
949,838,0
949,493,0
949,1130,0
949,921,0
949,29,0
949,475,0
949,463,0
949,12,0
949,835,0
949,940,0
949,836,0
949,823,0
949,88,0
949,72,0
949,64,0
1007,1005,1
1007,988,0
1007,1010,0
1007,1000,1
1007,1015,1
1007,296,0
1007,913,0
1007,103,0
1007,289,0
1007,893,1
1007,104,0
1007,891,0
1007,438,1
1007,188,0
1007,1023,1
587,829,0
587,630,0
587,57,0
587,344,0
587,781,0
587,493,0
587,680,0
587,29,0
587,458,0
587,868,0
587,475,0
587,846,0
587,12,0
587,835,0
587,836,0
587,823,0
587,72,0
587,588,1
587,549,1
587,561,1
587,64,0
587,59,0
552,916,0
552,1119,0
552,850,0
552,306,0
552,835,0
552,984,0
552,986,0
546,237,0
546,630,0
546,383,0
546,594,0
546,344,0
546,781,0
546,86,0
546,527,0
546,243,0
546,1103,0
546,680,0
546,1128,0
546,1119,0
546,263,0
546,39,0
546,88,0
546,228,0
1005,1007,0
1005,1010,0
1005,1000,1
1005,1015,0
1005,296,0
1005,103,0
1005,289,0
1005,893,0
1005,104,0
1005,891,0
1005,438,0
1005,188,0
1005,1023,1
591,183,0
591,977,0
591,437,0
591,583,0
591,391,0
591,421,0
591,916,0
591,1088,0
591,1103,0
591,694,0
591,680,0
591,498,0
591,1119,0
591,505,0
591,529,0
591,850,0
591,39,0
591,933,0
591,1120,0
591,968,0
585,1128,0
585,891,0
988,1007,1
988,1005,1
988,1010,1
988,1000,1
988,1015,1
988,296,1
988,913,1
988,103,0
988,289,1
988,893,1
988,104,0
988,891,1
988,438,1
988,188,1
988,1023,1
977,183,0
977,552,0
977,591,0
977,437,0
977,583,0
977,391,0
977,421,0
977,1088,0
977,872,0
977,498,0
977,1119,0
977,505,0
977,529,0
977,850,0
977,39,0
977,1120,0
977,835,0
977,968,0
977,824,0
142,237,0
142,141,0
142,380,0
142,546,0
142,630,0
142,383,0
142,382,0
142,594,0
142,147,0
142,344,0
142,781,0
142,51,0
142,446,0
142,527,0
142,243,0
142,656,0
142,326,0
142,1103,1
142,680,0
142,279,0
142,133,0
142,1128,0
142,1119,0
142,470,0
142,1126,0
142,14,0
142,263,0
142,39,0
142,676,0
142,463,0
142,612,0
142,411,0
142,968,0
142,598,0
142,836,0
142,228,0
142,774,0
142,171,0
142,824,0
142,59,0
630,83,0
630,949,0
630,546,0
630,85,0
630,344,0
630,781,0
630,51,0
630,1361,0
630,446,0
630,527,0
630,656,0
630,326,0
630,1103,0
630,680,1
630,1128,0
630,1119,0
630,921,0
630,470,0
630,1126,0
630,263,0
630,39,0
630,676,0
630,612,0
630,940,0
630,968,0
630,836,0
630,774,0
630,370,0
630,824,0
630,59,0
1373,237,0
1373,141,0
1373,83,0
1373,343,0
1373,380,0
1373,829,0
1373,949,1
1373,546,0
1373,585,0
1373,142,0
1373,630,0
1373,57,0
1373,382,0
1373,369,0
1373,1366,0
1373,235,0
1373,594,0
1373,85,0
1373,344,0
1373,781,0
1373,86,0
1373,1361,1
1373,838,0
1373,446,1
1373,453,0
1373,527,0
1373,243,0
1373,493,0
1373,242,0
1373,656,1
1373,326,1
1373,1103,1
1373,680,1
1373,1076,0
1373,279,0
1373,133,0
1373,1128,0
1373,261,0
1373,1130,0
1373,1119,1
1373,921,1
1373,29,0
1373,1133,1
1373,1127,0
1373,1126,1
1373,263,0
1373,105,0
1373,475,0
1373,676,1
1373,463,0
1373,846,0
1373,12,0
1373,612,1
1373,835,0
1373,940,1
1373,968,0
1373,598,0
1373,836,0
1373,823,0
1373,88,0
1373,228,0
1373,576,0
1373,774,1
1373,365,0
1373,72,0
1373,171,0
1373,64,0
1373,824,0
1373,59,0
1373,1369,1
1373,1382,1
57,83,0
57,829,0
57,949,0
57,85,0
57,344,0
57,86,0
57,493,0
57,680,0
57,1130,0
57,921,0
57,29,1
57,475,0
57,463,0
57,846,0
57,12,1
57,835,0
57,940,0
57,823,0
57,88,0
57,72,1
57,64,1
57,59,0
817,1005,1
817,1010,1
817,1000,1
817,810,1
817,296,1
817,289,1
817,1041,1
817,891,1
817,188,1
817,1023,1
5,9,0
383,237,0
383,380,0
383,424,0
383,546,0
383,382,0
383,147,0
383,437,0
383,344,0
383,434,0
383,243,0
383,1067,0
383,656,0
383,326,0
383,1103,0
383,1074,0
383,319,0
383,1075,0
383,1086,0
383,1126,0
383,263,0
383,10,0
383,676,0
383,305,0
383,612,0
383,228,0
383,774,0
383,365,0
1165,83,0
1165,949,0
1165,85,0
1165,1148,0
1165,86,0
1165,14,0
1165,10,0
1165,463,0
1165,88,0
382,237,0
382,343,0
382,380,1
382,424,0
382,546,0
382,383,0
382,369,0
382,235,0
382,147,0
382,437,0
382,344,0
382,434,0
382,838,0
382,446,0
382,527,0
382,243,0
382,1067,0
382,242,0
382,656,0
382,326,0
382,1103,0
382,1076,0
382,1074,0
382,319,0
382,1128,0
382,1075,0
382,261,0
382,1119,0
382,1086,0
382,1127,0
382,1126,0
382,263,0
382,10,0
382,676,0
382,305,0
382,612,0
382,411,0
382,836,0
382,228,0
382,774,0
382,365,0
369,380,0
369,382,0
369,344,0
369,446,0
369,656,0
369,326,0
369,1126,0
369,676,0
369,612,0
369,836,0
369,774,0
369,365,0
816,586,1
816,790,1
816,183,0
816,552,1
816,181,0
816,609,1
816,46,1
816,344,1
816,542,0
816,230,0
816,391,0
816,916,0
816,527,0
816,121,0
816,478,1
816,691,1
816,646,1
816,911,0
816,694,1
816,1114,0
816,27,1
816,498,1
816,1119,1
816,470,1
816,129,1
816,505,1
816,850,0
816,306,0
816,853,0
816,476,1
816,1120,0
816,49,1
816,835,1
816,759,1
816,163,1
816,375,1
816,562,0
816,984,1
816,616,1
816,986,1
1366,237,0
1366,141,0
1366,83,0
1366,949,0
1366,587,0
1366,546,0
1366,142,0
1366,630,0
1366,1373,0
1366,594,0
1366,85,0
1366,344,0
1366,781,0
1366,86,0
1366,1361,1
1366,446,0
1366,527,0
1366,243,0
1366,656,0
1366,326,0
1366,1103,0
1366,680,1
1366,279,0
1366,133,0
1366,872,0
1366,1128,0
1366,1119,0
1366,921,0
1366,458,0
1366,1133,0
1366,1126,0
1366,263,0
1366,105,0
1366,676,0
1366,463,0
1366,612,0
1366,940,0
1366,968,0
1366,598,0
1366,88,0
1366,228,0
1366,774,0
1366,588,0
1366,549,0
1366,561,0
1366,171,0
1366,824,0
1366,59,0
1366,1369,0
1366,1382,0
95,810,0
95,510,0
95,1331,0
95,851,0
95,438,0
1010,1007,0
1010,1005,1
1010,988,0
1010,817,0
1010,1000,1
1010,1015,0
1010,810,0
1010,296,1
1010,913,0
1010,103,0
1010,289,1
1010,893,0
1010,104,0
1010,1041,0
1010,891,1
1010,438,0
1010,188,1
1010,1023,1
590,93,0
590,285,0
590,292,0
590,936,0
590,498,0
590,276,0
590,850,0
590,946,0
235,343,0
235,380,0
235,829,0
235,383,0
235,382,0
235,594,0
235,437,0
235,1148,0
235,344,1
235,86,0
235,434,0
235,838,0
235,446,0
235,493,0
235,1067,0
235,242,0
235,656,1
235,326,1
235,1103,0
235,1076,0
235,1074,0
235,261,1
235,1130,0
235,1119,0
235,1086,0
235,1127,1
235,1126,1
235,10,0
235,475,0
235,676,1
235,463,0
235,846,0
235,12,0
235,612,0
235,835,0
235,823,0
235,774,1
235,365,0
235,59,0
1000,1007,0
1000,1005,1
1000,1010,0
1000,1015,0
1000,296,0
1000,103,0
1000,289,0
1000,893,0
1000,104,0
1000,891,0
1000,438,0
1000,188,0
1000,1023,1
594,237,0
594,83,0
594,949,0
594,546,0
594,85,0
594,344,0
594,243,0
594,656,0
594,326,0
594,1103,0
594,279,0
594,1126,0
594,263,0
594,676,0
594,463,0
594,968,0
594,598,0
594,228,0
594,774,0
594,824,0
85,83,0
85,949,0
147,237,0
147,141,0
147,380,0
147,546,0
147,142,0
147,383,0
147,382,0
147,594,0
147,1148,0
147,344,0
147,51,0
147,243,0
147,1067,0
147,656,0
147,326,0
147,1103,0
147,1074,0
147,133,0
147,458,0
147,1126,0
147,263,0
147,10,0
147,676,0
147,463,0
147,411,0
147,968,0
147,836,0
147,228,0
147,774,0
147,370,0
147,365,0
147,171,0
147,824,0
46,54,0
46,40,0
46,34,0
46,27,1
46,65,0
806,40,0
806,44,0
806,34,0
806,1049,1
806,1054,1
806,65,0
437,1119,0
1148,424,0
1148,235,0
1148,344,0
1148,838,0
1148,242,0
1148,656,0
1148,326,0
1148,1076,0
1148,261,0
1148,1130,0
1148,1127,0
1148,1126,0
1148,10,0
1148,449,0
1148,676,0
1148,463,0
1148,846,0
1148,835,0
1148,836,0
1148,774,0
392,54,0
392,40,0
392,46,0
392,34,0
392,27,0
392,1331,0
392,918,0
392,65,0
344,1119,0
807,586,0
807,342,0
807,740,0
807,93,0
807,645,0
807,694,0
807,918,0
807,850,0
807,113,0
807,566,1
807,984,0
807,946,0
740,586,1
740,342,0
740,93,0
740,645,1
740,530,0
740,694,1
740,521,0
740,1114,0
740,936,0
740,529,0
740,918,1
740,850,1
740,984,0
740,946,0
1015,1007,1
1015,1005,1
1015,988,0
1015,1010,0
1015,1000,1
1015,296,0
1015,913,0
1015,103,0
1015,289,0
1015,893,1
1015,104,0
1015,891,0
1015,438,1
1015,188,0
1015,1023,1
542,183,0
542,552,0
542,977,0
542,583,0
542,391,0
542,916,0
542,646,0
542,1088,0
542,694,0
542,498,0
542,1119,1
542,505,0
542,529,0
542,850,1
542,1120,1
542,835,0
542,968,0
542,984,0
542,616,0
230,609,0
230,46,0
230,27,0
230,1331,0
556,55,1
556,806,1
556,805,1
556,838,1
556,482,1
556,858,1
556,906,0
556,480,1
556,1049,1
556,924,0
556,1054,1
583,552,0
583,591,0
583,977,0
583,542,0
583,1088,0
583,1119,0
583,529,0
583,850,0
583,1120,0
583,968,0
583,979,0
781,237,0
781,141,0
781,83,0
781,380,0
781,949,0
781,587,0
781,546,0
781,585,0
781,142,0
781,630,1
781,1373,0
781,382,0
781,1366,0
781,594,0
781,85,0
781,344,0
781,51,0
781,1361,0
781,446,0
781,453,0
781,527,0
781,243,0
781,656,0
781,326,0
781,1103,0
781,680,1
781,279,0
781,133,0
781,1128,0
781,1119,0
781,921,0
781,470,0
781,458,0
781,1133,0
781,1126,0
781,14,0
781,263,0
781,105,0
781,39,0
781,676,0
781,463,0
781,612,0
781,940,0
781,968,0
781,598,0
781,836,0
781,228,0
781,576,0
781,774,0
781,370,0
781,365,0
781,588,0
781,549,0
781,561,0
781,171,0
781,824,0
781,59,0
781,1369,0
781,1382,0
795,54,0
795,40,0
795,46,0
795,392,0
795,34,0
795,695,1
795,27,0
795,1331,0
795,918,0
795,113,0
795,65,0
86,83,0
86,949,0
86,85,0
86,344,0
86,463,0
86,88,1
51,39,0
51,835,0
805,55,1
805,806,1
805,556,1
805,838,1
805,482,1
805,858,1
805,906,0
805,480,1
805,1049,1
805,924,0
805,1054,1
1361,1366,0
1361,344,0
1361,1103,0
1361,680,0
1361,1119,0
434,380,0
434,424,0
434,383,0
434,382,0
434,437,0
434,344,0
434,446,0
434,1067,0
434,656,0
434,326,0
434,1074,0
434,319,0
434,1075,0
434,1119,0
434,1086,0
434,1126,0
434,10,0
434,676,0
434,305,0
434,612,0
434,774,0
434,365,0
391,183,1
391,916,0
391,694,0
391,498,0
391,1119,0
391,505,0
391,850,0
391,1120,0
421,183,1
421,591,0
421,977,0
421,437,0
421,391,1
421,916,0
421,1088,0
421,1103,0
421,694,0
421,680,0
421,498,0
421,1119,0
421,505,0
421,529,0
421,850,0
421,39,0
421,933,0
421,1120,0
421,968,0
44,40,1
44,343,0
44,806,1
44,484,0
44,34,1
44,1049,1
44,1054,1
44,65,0
810,1005,0
810,817,0
810,95,0
810,1010,0
810,1000,0
810,296,0
810,510,0
810,289,0
810,1331,0
810,851,0
810,1041,0
810,891,0
810,438,0
810,188,0
810,1023,0
93,40,0
93,34,0
93,285,0
93,292,0
93,498,0
93,276,0
93,850,0
93,946,0
93,65,0
446,343,0
446,546,0
446,630,0
446,235,0
446,344,0
446,838,0
446,527,0
446,493,0
446,242,0
446,656,0
446,326,0
446,680,0
446,1076,0
446,1128,0
446,261,0
446,1119,0
446,1127,0
446,1126,0
446,263,0
446,475,0
446,676,0
446,612,0
446,836,0
446,774,0
484,237,0
484,40,1
484,343,0
484,806,1
484,44,1
484,243,0
484,34,1
484,905,0
484,656,0
484,326,0
484,1049,1
484,1126,0
484,676,0
484,925,0
484,1054,1
484,228,0
484,774,0
484,65,0
453,458,0
453,836,0
645,586,1
645,342,0
645,740,1
645,93,0
645,530,0
645,694,1
645,521,0
645,1114,0
645,936,0
645,529,0
645,918,1
645,850,1
645,984,0
645,946,0
916,552,0
916,1119,0
916,306,0
916,933,0
916,835,0
916,984,0
916,986,0
296,1005,0
296,1010,0
296,1000,0
296,289,0
296,891,0
296,438,0
296,188,0
296,1023,0
527,546,0
527,344,0
527,1128,0
527,1119,1
527,470,0
527,263,0
243,237,1
243,546,0
243,344,0
243,656,0
243,326,0
243,1126,0
243,263,0
243,676,0
243,228,1
243,774,0
243,824,0
121,586,0
121,790,1
121,183,0
121,552,0
121,181,0
121,816,0
121,609,0
121,46,1
121,344,1
121,230,0
121,391,0
121,478,0
121,691,0
121,646,0
121,694,0
121,27,1
121,498,1
121,1119,0
121,470,0
121,129,1
121,505,1
121,306,0
121,476,0
121,49,1
121,835,0
121,759,1
121,163,1
121,375,1
121,984,0
121,616,0
121,986,0
34,40,1
34,65,0
493,83,0
493,343,0
493,829,0
493,949,0
493,57,0
493,235,0
493,85,0
493,344,0
493,86,0
493,1361,0
493,838,0
493,446,0
493,242,0
493,656,0
493,326,0
493,1103,0
493,680,0
493,1076,0
493,261,0
493,1130,0
493,1119,0
493,921,0
493,29,0
493,1133,0
493,1127,0
493,1126,0
493,475,1
493,676,0
493,463,0
493,846,0
493,12,0
493,612,0
493,835,0
493,940,0
493,823,0
493,774,0
493,72,0
493,64,0
493,59,1
478,586,0
478,790,0
478,552,0
478,816,0
478,609,0
478,46,0
478,344,0
478,595,0
478,691,0
478,646,0
478,694,0
478,27,0
478,498,0
478,1119,0
478,470,0
478,129,0
478,505,0
478,850,0
478,476,0
478,49,0
478,835,0
478,759,0
478,163,0
478,375,0
478,984,0
478,616,0
478,986,0
875,1016,0
875,851,0
875,853,0
875,968,0
691,586,1
691,790,1
691,183,0
691,552,1
691,181,0
691,816,1
691,609,1
691,46,1
691,344,1
691,542,0
691,230,0
691,391,0
691,916,0
691,527,0
691,121,0
691,478,1
691,646,1
691,911,0
691,694,1
691,1114,0
691,27,1
691,498,1
691,1119,1
691,470,1
691,129,1
691,505,1
691,850,0
691,306,0
691,853,0
691,476,1
691,1120,0
691,49,1
691,835,1
691,759,1
691,163,1
691,375,1
691,562,0
691,984,1
691,616,1
691,986,1
646,586,0
646,790,0
646,183,0
646,552,0
646,977,0
646,816,0
646,609,0
646,46,0
646,437,0
646,344,0
646,542,0
646,391,0
646,916,0
646,478,0
646,691,0
646,1088,0
646,694,0
646,872,0
646,27,0
646,498,0
646,1119,1
646,470,0
646,129,0
646,505,0
646,529,0
646,850,0
646,306,0
646,39,0
646,476,0
646,1120,0
646,49,0
646,835,1
646,968,0
646,759,0
646,163,0
646,375,0
646,984,0
646,628,0
646,824,0
646,616,1
646,986,0
1067,237,0
1067,343,0
1067,380,0
1067,424,0
1067,546,0
1067,383,0
1067,382,0
1067,235,0
1067,437,0
1067,344,0
1067,434,0
1067,243,0
1067,242,0
1067,656,0
1067,326,0
1067,1076,0
1067,1074,1
1067,319,0
1067,1075,0
1067,261,0
1067,1130,0
1067,1086,0
1067,1127,0
1067,1126,0
1067,263,0
1067,10,0
1067,676,0
1067,305,0
1067,846,0
1067,612,0
1067,411,0
1067,228,0
1067,774,0
1067,365,0
242,343,0
242,380,0
242,829,0
242,383,0
242,382,0
242,235,1
242,594,0
242,437,0
242,1148,0
242,344,1
242,86,0
242,434,0
242,838,0
242,446,0
242,493,0
242,1067,0
242,656,1
242,326,1
242,1103,0
242,1076,1
242,1074,0
242,261,1
242,1130,0
242,1119,0
242,1086,0
242,1127,1
242,1126,1
242,10,0
242,475,0
242,676,1
242,463,0
242,846,0
242,12,0
242,612,0
242,835,0
242,823,0
242,774,1
242,365,0
242,59,0
530,586,1
530,40,0
530,342,0
530,590,0
530,740,1
530,93,0
530,645,1
530,34,0
530,285,0
530,905,0
530,694,1
530,521,1
530,292,0
530,1114,1
530,936,1
530,498,0
530,276,0
530,471,0
530,505,0
530,529,1
530,918,1
530,850,1
530,984,0
530,946,0
530,65,0
508,223,0
508,586,0
508,40,0
508,342,0
508,590,0
508,609,0
508,807,0
508,740,0
508,230,0
508,93,0
508,645,0
508,34,0
508,530,0
508,285,0
508,905,0
508,694,0
508,521,0
508,292,0
508,1114,0
508,456,0
508,936,0
508,498,0
508,276,0
508,471,0
508,505,0
508,529,0
508,918,0
508,850,0
508,113,0
508,89,0
508,566,0
508,984,0
508,946,0
508,603,0
508,65,0
1088,183,0
1088,977,0
1088,437,0
1088,391,0
1088,421,0
1088,916,0
1088,872,0
1088,498,0
1088,1119,0
1088,505,0
1088,529,0
1088,850,0
1088,39,0
1088,933,0
1088,1120,0
1088,835,0
1088,968,0
1088,824,0
285,40,0
285,93,0
285,34,0
285,292,1
285,276,0
285,946,0
285,65,0
911,586,1
911,790,1
911,183,1
911,552,1
911,181,1
911,816,1
911,609,1
911,46,1
911,344,1
911,542,1
911,230,1
911,391,1
911,916,1
911,527,1
911,121,0
911,478,1
911,691,1
911,646,1
911,694,1
911,457,1
911,1114,1
911,27,1
911,498,1
911,1119,1
911,470,1
911,129,1
911,505,1
911,850,1
911,306,1
911,853,1
911,476,1
911,1120,1
911,49,1
911,835,1
911,759,1
911,163,1
911,375,1
911,562,1
911,984,1
911,616,1
911,986,1
905,40,0
905,806,0
905,44,0
905,34,0
905,1049,0
905,1054,0
905,65,0
656,237,0
656,343,0
656,344,0
656,838,0
656,243,0
656,326,1
656,261,0
656,1127,0
656,1126,1
656,676,1
656,612,0
656,228,0
656,774,1
865,183,0
865,591,0
865,977,0
865,437,0
865,391,0
865,421,0
865,916,0
865,646,0
865,1088,0
865,1103,0
865,694,0
865,680,0
865,872,0
865,498,0
865,1119,0
865,868,0
865,505,0
865,529,0
865,850,0
865,39,0
865,933,0
865,1120,0
865,835,1
865,968,1
865,628,0
865,824,1
865,616,0
695,54,0
695,40,0
695,46,0
695,392,0
695,795,1
695,34,0
695,27,0
695,1331,0
695,918,0
695,113,0
695,65,0
326,237,0
326,343,0
326,344,0
326,838,0
326,243,0
326,656,1
326,261,0
326,1127,0
326,1126,1
326,676,1
326,612,0
326,228,0
326,774,1
1103,344,0
1103,680,0
1103,1119,0
1103,968,0
482,55,1
482,806,1
482,556,1
482,805,1
482,838,1
482,858,1
482,906,0
482,480,1
482,1049,1
482,924,0
482,1054,1
694,586,0
694,183,0
694,552,0
694,609,0
694,230,0
694,391,0
694,916,0
694,646,0
694,1114,0
694,498,0
694,1119,0
694,505,0
694,529,0
694,850,0
694,1120,0
694,835,0
694,984,0
694,616,0
694,986,0
858,55,1
858,806,1
858,556,1
858,805,1
858,838,1
858,482,1
858,906,0
858,480,1
858,1049,1
858,924,0
858,1054,1
680,344,0
680,1103,0
680,1119,0
680,968,0
680,824,0
1076,83,0
1076,343,0
1076,380,0
1076,829,0
1076,383,0
1076,382,0
1076,235,0
1076,594,0
1076,85,0
1076,437,0
1076,1148,0
1076,344,1
1076,86,0
1076,434,0
1076,838,0
1076,446,0
1076,493,0
1076,1067,0
1076,242,0
1076,656,0
1076,326,0
1076,1103,0
1076,1074,0
1076,261,1
1076,1130,0
1076,1119,0
1076,1086,0
1076,1127,0
1076,1126,0
1076,10,0
1076,475,0
1076,676,0
1076,463,0
1076,846,0
1076,12,0
1076,612,0
1076,835,0
1076,823,0
1076,774,0
1076,365,0
1076,59,0
521,223,0
521,586,0
521,40,0
521,585,0
521,740,0
521,230,0
521,795,0
521,645,0
521,34,0
521,530,0
521,695,0
521,694,0
521,1114,0
521,936,0
521,529,0
521,918,1
521,850,0
521,215,0
521,65,0
279,237,0
279,141,0
279,83,0
279,949,0
279,546,0
279,142,0
279,630,0
279,594,0
279,85,0
279,344,0
279,781,0
279,446,0
279,527,0
279,243,0
279,656,0
279,326,0
279,1103,0
279,680,0
279,133,0
279,1128,0
279,1119,0
279,921,0
279,1126,0
279,263,0
279,105,0
279,676,0
279,463,0
279,612,0
279,940,0
279,968,0
279,598,0
279,228,0
279,774,0
279,171,0
279,824,0
279,59,0
279,1382,0
1074,237,0
1074,343,0
1074,380,0
1074,424,0
1074,546,0
1074,383,0
1074,382,0
1074,235,0
1074,437,0
1074,344,0
1074,434,0
1074,243,0
1074,1067,1
1074,242,0
1074,656,0
1074,326,0
1074,1076,0
1074,319,0
1074,1075,0
1074,261,0
1074,1130,0
1074,1086,0
1074,1127,0
1074,1126,0
1074,263,0
1074,10,0
1074,676,0
1074,305,0
1074,846,0
1074,612,0
1074,411,0
1074,228,0
1074,774,0
1074,365,0
292,40,0
292,93,0
292,34,0
292,285,1
292,276,0
292,946,0
292,65,0
906,55,1
906,806,1
906,556,1
906,805,1
906,838,1
906,482,1
906,858,1
906,480,1
906,1049,1
906,924,0
906,1054,1
133,237,0
133,141,1
133,343,0
133,380,0
133,829,0
133,546,0
133,142,0
133,630,0
133,57,0
133,383,0
133,382,0
133,235,0
133,594,0
133,147,0
133,344,0
133,781,0
133,838,0
133,446,0
133,527,0
133,243,0
133,493,0
133,242,0
133,656,0
133,326,0
133,1103,1
133,680,0
133,1076,0
133,279,0
133,1128,0
133,261,0
133,1130,0
133,1119,0
133,29,0
133,1127,0
133,1126,0
133,263,0
133,475,0
133,676,0
133,463,0
133,846,0
133,12,0
133,612,0
133,835,0
133,411,0
133,968,0
133,598,0
133,836,0
133,823,0
133,228,0
133,774,0
133,72,0
133,171,1
133,64,0
133,824,0
133,59,0
872,39,0
872,968,0
872,824,0
319,237,0
319,424,0
319,546,0
319,630,0
319,383,0
319,344,0
319,434,0
319,527,0
319,243,0
319,1103,0
319,680,0
319,1128,0
319,1075,0
319,1119,0
319,263,0
319,306,0
319,305,0
319,228,0
457,183,0
457,591,0
457,437,0
457,542,0
457,51,0
457,391,0
457,916,0
457,646,0
457,694,0
457,498,0
457,1119,0
457,505,0
457,850,0
457,933,0
457,1120,0
457,835,0
457,616,0
1128,546,0
1128,585,0
1128,527,0
1128,1119,0
1128,891,0
1114,586,0
1114,609,0
1114,230,0
1114,694,0
1114,498,0
1114,505,0
1114,850,1
1114,984,0
480,55,1
480,806,1
480,556,1
480,805,1
480,838,1
480,482,1
480,858,1
480,906,0
480,1049,1
480,924,0
480,1054,1
456,276,0
27,54,0
27,40,0
27,46,1
27,34,0
27,65,0
1075,237,0
1075,380,0
1075,424,1
1075,546,0
1075,383,0
1075,382,0
1075,369,0
1075,437,0
1075,1148,0
1075,344,0
1075,51,0
1075,434,1
1075,446,0
1075,527,0
1075,243,0
1075,1067,0
1075,656,0
1075,326,0
1075,1074,0
1075,319,0
1075,1128,0
1075,1119,0
1075,1086,0
1075,470,0
1075,1126,0
1075,263,0
1075,10,0
1075,449,0
1075,306,0
1075,39,0
1075,676,0
1075,305,1
1075,612,0
1075,411,0
1075,836,0
1075,228,0
1075,774,0
1075,365,0
1075,59,0
1049,40,0
1049,806,1
1049,44,0
1049,34,0
1049,1054,1
1049,65,0
261,83,0
261,343,0
261,380,0
261,382,0
261,235,0
261,85,0
261,1148,0
261,344,1
261,838,0
261,446,0
261,493,0
261,242,0
261,656,0
261,326,0
261,1103,0
261,1076,0
261,1130,0
261,1119,0
261,1127,0
261,1126,0
261,475,0
261,676,0
261,846,0
261,612,0
261,835,0
261,774,0
261,365,0
936,590,0
936,93,0
936,1114,0
936,498,0
936,276,0
936,850,1
936,946,0
103,1007,0
103,1005,0
103,988,0
103,1010,0
103,1000,0
103,1015,0
103,296,0
103,913,0
103,289,0
103,893,0
103,104,1
103,891,0
103,438,0
103,188,0
103,1023,0
1332,1329,0
1130,829,0
1130,838,0
1130,463,0
1130,846,0
1130,835,0
1130,823,0
498,586,0
498,183,0
498,609,0
498,230,0
498,391,0
498,694,0
498,1114,0
498,505,0
498,529,0
498,850,0
498,984,0
1119,344,0
1119,1103,0
1119,680,0
1086,343,0
1086,380,0
1086,424,0
1086,383,0
1086,382,0
1086,235,0
1086,437,1
1086,344,0
1086,434,1
1086,446,0
1086,1067,0
1086,242,0
1086,656,0
1086,326,0
1086,1076,0
1086,1074,0
1086,319,0
1086,1075,0
1086,261,0
1086,1130,0
1086,1119,0
1086,1127,0
1086,1126,0
1086,10,0
1086,449,0
1086,676,0
1086,305,0
1086,846,0
1086,612,0
1086,411,0
1086,774,0
1086,365,0
276,40,0
276,590,0
276,93,0
276,34,0
276,285,0
276,292,0
276,850,0
276,946,0
276,65,0
510,95,0
510,810,1
510,1331,1
510,851,1
510,438,1
289,1007,0
289,1005,1
289,988,0
289,817,0
289,1010,1
289,1000,1
289,1015,0
289,810,0
289,296,1
289,913,0
289,103,0
289,893,0
289,104,0
289,1041,0
289,891,1
289,438,0
289,188,1
289,1023,1
921,83,0
921,829,0
921,949,1
921,546,0
921,630,0
921,57,0
921,85,0
921,344,0
921,781,0
921,86,0
921,1361,0
921,838,0
921,527,0
921,493,0
921,680,0
921,1128,0
921,1130,0
921,1119,0
921,29,0
921,105,0
921,475,0
921,463,0
921,12,0
921,835,0
921,940,1
921,836,0
921,823,0
921,88,0
921,72,0
921,64,0
921,59,0
921,1382,0
1331,54,0
1331,40,0
1331,95,0
1331,46,0
1331,392,0
1331,230,0
1331,810,0
1331,34,0
1331,27,0
1331,510,0
1331,851,0
1331,438,0
1331,65,0
29,83,0
29,949,0
29,57,0
29,85,0
29,344,0
29,86,0
29,493,0
29,680,0
29,921,0
29,475,0
29,463,0
29,12,0
29,940,0
29,72,1
29,64,0
29,59,0
470,552,0
470,630,0
470,344,0
470,781,0
470,51,0
470,527,0
470,680,0
470,1119,0
470,39,0
470,835,0
470,984,0
470,986,0
458,51,0
458,453,0
458,463,0
458,968,0
458,836,0
458,370,0
458,824,0
1133,344,0
1133,838,0
1133,446,0
1133,493,0
1133,656,0
1133,326,0
1133,261,0
1133,1119,0
1133,1127,0
1133,1126,0
1133,475,0
1133,676,0
1133,12,0
1133,612,0
1133,836,0
1133,774,0
1127,83,0
1127,343,0
1127,380,0
1127,829,0
1127,949,0
1127,383,0
1127,382,0
1127,235,1
1127,594,0
1127,85,0
1127,437,0
1127,1148,0
1127,344,1
1127,86,0
1127,434,0
1127,838,0
1127,446,0
1127,493,0
1127,1067,0
1127,242,0
1127,656,1
1127,326,1
1127,1103,0
1127,680,0
1127,1076,0
1127,1074,0
1127,261,1
1127,1130,0
1127,1119,0
1127,1086,0
1127,29,0
1127,1133,0
1127,1126,1
1127,10,0
1127,475,0
1127,676,1
1127,463,0
1127,846,0
1127,12,0
1127,612,0
1127,835,0
1127,823,0
1127,774,1
1127,365,0
1127,72,0
1127,59,0
1126,237,0
1126,343,0
1126,344,0
1126,838,0
1126,243,0
1126,656,1
1126,326,1
1126,261,0
1126,1127,0
1126,676,1
1126,612,0
1126,228,0
1126,774,1
471,223,0
471,586,0
471,40,1
471,342,0
471,590,1
471,740,0
471,230,0
471,93,1
471,645,0
471,34,1
471,530,0
471,285,1
471,905,0
471,694,0
471,521,0
471,292,1
471,1114,0
471,936,1
471,498,1
471,276,0
471,505,1
471,529,0
471,918,0
471,850,1
471,984,0
471,946,1
471,65,1
14,86,0
14,463,0
868,838,0
868,835,0
868,968,0
868,824,0
129,586,0
129,790,1
129,183,0
129,552,0
129,181,0
129,816,0
129,609,0
129,46,1
129,344,1
129,542,0
129,230,0
129,391,0
129,916,0
129,527,0
129,121,0
129,478,0
129,691,0
129,646,0
129,911,0
129,694,0
129,1114,0
129,27,1
129,498,1
129,1119,0
129,470,0
129,505,1
129,850,0
129,306,0
129,853,0
129,476,0
129,1120,0
129,49,1
129,835,0
129,759,1
129,163,1
129,375,1
129,562,0
129,984,0
129,616,0
129,986,0
505,586,0
505,183,0
505,609,0
505,230,0
505,391,0
505,694,0
505,1114,0
505,498,1
505,1119,0
505,529,0
505,850,0
505,835,0
505,984,0
263,237,0
263,83,0
263,380,0
263,949,0
263,546,1
263,630,0
263,383,0
263,382,0
263,594,0
263,85,0
263,344,0
263,781,0
263,446,0
263,527,0
263,243,0
263,1067,0
263,656,0
263,326,0
263,1103,0
263,680,0
263,1074,0
263,1128,0
263,1119,0
263,470,0
263,1126,0
263,10,0
263,39,0
263,676,0
263,463,0
263,612,0
263,411,0
263,836,0
263,228,0
263,774,0
263,370,0
263,365,0
529,183,0
529,591,0
529,977,0
529,437,0
529,542,0
529,583,0
529,391,0
529,421,0
529,916,0
529,646,0
529,1088,0
529,1103,0
529,694,0
529,680,0
529,872,0
529,498,0
529,1119,0
529,868,0
529,505,0
529,850,1
529,39,0
529,933,0
529,1120,0
529,835,0
529,968,0
529,984,0
529,628,0
529,824,0
529,616,0
924,55,1
924,806,1
924,556,1
924,805,1
924,838,1
924,482,1
924,858,1
924,906,1
924,480,1
924,1049,1
924,1054,1
918,40,0
918,34,0
918,113,0
918,65,0
893,1007,1
893,1005,1
893,988,0
893,1010,0
893,1000,1
893,1015,1
893,296,0
893,913,0
893,103,0
893,289,0
893,104,0
893,891,0
893,438,1
893,188,0
893,1023,1
105,83,0
105,343,0
105,829,0
105,949,0
105,546,0
105,630,0
105,1373,0
105,594,0
105,85,0
105,344,0
105,781,0
105,1361,0
105,838,0
105,446,0
105,527,0
105,493,0
105,656,0
105,326,0
105,1103,0
105,680,0
105,279,0
105,1128,0
105,261,0
105,1130,0
105,1119,0
105,921,0
105,29,0
105,1133,0
105,1127,0
105,1126,0
105,263,0
105,475,0
105,676,0
105,463,0
105,612,0
105,835,0
105,940,0
105,968,0
105,598,0
105,836,0
105,823,0
105,774,0
105,72,0
105,824,0
105,1369,0
105,1382,0
10,343,0
10,380,0
10,383,0
10,382,0
10,344,0
10,1067,0
10,656,0
10,326,0
10,1074,0
10,1126,0
10,676,0
10,411,0
10,774,0
10,365,0
850,694,0
850,498,0
850,505,0
850,984,0
449,237,0
449,380,0
449,424,0
449,546,0
449,383,0
449,382,0
449,437,0
449,1148,0
449,344,0
449,434,0
449,446,0
449,527,0
449,243,0
449,1067,0
449,656,0
449,326,0
449,1074,0
449,319,0
449,1128,0
449,1075,0
449,1119,0
449,1086,0
449,458,0
449,1126,0
449,263,0
449,10,0
449,306,0
449,676,0
449,305,0
449,612,0
449,411,0
449,836,0
449,228,0
449,774,0
449,365,0
449,59,0
475,83,0
475,343,0
475,829,0
475,949,0
475,57,0
475,235,0
475,85,0
475,344,0
475,86,0
475,1361,0
475,838,0
475,446,0
475,493,1
475,242,0
475,656,0
475,326,0
475,1103,0
475,680,0
475,1076,0
475,261,0
475,1130,0
475,1119,0
475,921,0
475,29,0
475,1133,0
475,1127,0
475,1126,0
475,676,0
475,463,0
475,846,0
475,12,0
475,612,0
475,835,0
475,940,0
475,823,0
475,774,0
475,72,0
475,64,0
475,59,1
306,344,0
39,437,0
39,344,0
39,51,0
39,1103,0
39,680,0
39,498,0
39,1119,0
39,470,0
39,868,0
39,505,0
39,835,0
39,968,0
39,824,0
851,853,0
676,237,0
676,343,0
676,344,0
676,838,0
676,243,0
676,656,1
676,326,1
676,261,0
676,1127,0
676,1126,1
676,612,0
676,228,0
676,774,1
104,1007,0
104,1005,0
104,988,0
104,1010,0
104,1000,0
104,1015,0
104,296,0
104,913,0
104,103,1
104,289,0
104,893,0
104,891,0
104,438,0
104,188,0
104,1023,0
925,237,0
925,40,0
925,343,0
925,806,0
925,44,0
925,484,0
925,243,0
925,34,0
925,905,0
925,656,0
925,326,0
925,1049,0
925,1126,0
925,676,0
925,1054,0
925,228,0
925,774,0
925,65,0
1041,1005,1
1041,817,1
1041,1010,1
1041,1000,1
1041,810,1
1041,296,1
1041,289,1
1041,891,1
1041,188,1
1041,1023,1
933,183,0
933,591,0
933,977,0
933,437,0
933,51,0
933,391,0
933,421,0
933,916,1
933,1088,0
933,1103,0
933,694,0
933,680,0
933,498,0
933,1119,0
933,505,0
933,529,0
933,850,0
933,39,0
933,1120,0
933,968,0
853,851,0
476,586,1
476,790,1
476,183,0
476,552,1
476,181,0
476,816,1
476,609,1
476,46,1
476,344,1
476,542,0
476,230,0
476,391,0
476,916,0
476,527,0
476,121,0
476,478,1
476,691,1
476,646,1
476,911,0
476,694,1
476,1114,0
476,27,1
476,498,1
476,1119,1
476,470,1
476,129,1
476,505,1
476,850,0
476,306,0
476,853,0
476,1120,0
476,49,1
476,835,1
476,759,1
476,163,1
476,375,1
476,562,0
476,984,1
476,616,1
476,986,1
1120,183,0
1120,552,0
1120,437,0
1120,542,0
1120,391,0
1120,916,0
1120,646,0
1120,1103,0
1120,694,0
1120,680,0
1120,872,0
1120,498,0
1120,1119,1
1120,505,0
1120,850,0
1120,306,0
1120,835,0
1120,984,0
1120,616,0
305,237,0
305,380,0
305,424,1
305,546,0
305,383,0
305,382,0
305,369,0
305,437,0
305,1148,0
305,344,0
305,51,0
305,434,1
305,446,0
305,527,0
305,243,0
305,1067,0
305,656,0
305,326,0
305,1074,0
305,319,0
305,1128,0
305,1075,1
305,1119,0
305,1086,0
305,470,0
305,1126,0
305,263,0
305,10,0
305,449,0
305,306,0
305,39,0
305,676,0
305,612,0
305,411,0
305,836,0
305,228,0
305,774,0
305,365,0
305,59,0
463,83,0
463,829,0
463,949,0
463,57,0
463,594,0
463,85,0
463,86,0
463,51,0
463,838,0
463,1130,0
463,29,0
463,14,0
463,846,0
463,12,0
463,835,0
463,968,0
463,823,0
463,88,0
463,72,0
463,64,0
463,824,0
12,83,0
12,949,0
12,57,0
12,85,0
12,344,0
12,86,0
12,493,0
12,1130,0
12,29,0
12,475,0
12,463,0
12,846,0
12,835,0
12,72,0
12,64,0
12,59,0
113,54,0
113,40,0
113,46,0
113,392,0
113,795,0
113,34,0
113,695,0
113,27,0
113,1331,0
113,918,0
113,65,0
1054,40,0
1054,806,1
1054,44,0
1054,34,0
1054,1049,1
1054,65,0
612,237,0
612,343,0
612,380,0
612,424,0
612,546,0
612,630,0
612,383,0
612,382,0
612,369,0
612,235,0
612,437,0
612,344,0
612,781,0
612,434,0
612,838,0
612,446,0
612,527,0
612,243,0
612,493,0
612,1067,0
612,242,0
612,656,1
612,326,1
612,1103,0
612,680,0
612,1076,0
612,1074,0
612,319,0
612,1128,0
612,1075,0
612,261,0
612,1130,0
612,1119,0
612,1086,0
612,29,0
612,1133,0
612,1127,0
612,1126,1
612,263,0
612,10,0
612,449,0
612,475,0
612,676,1
612,305,0
612,846,0
612,12,0
612,835,0
612,411,0
612,836,0
612,228,0
612,774,1
612,365,0
612,72,0
612,59,0
49,586,0
49,790,1
49,183,0
49,552,0
49,181,0
49,816,0
49,609,0
49,46,1
49,344,1
49,230,0
49,391,0
49,121,0
49,478,0
49,691,0
49,646,0
49,694,0
49,27,1
49,498,1
49,1119,0
49,470,0
49,129,0
49,505,1
49,306,0
49,476,0
49,835,0
49,759,1
49,163,0
49,375,1
49,984,0
49,616,0
49,986,0
835,968,0
835,824,0
411,237,0
411,380,1
411,424,0
411,546,0
411,383,1
411,382,1
411,147,0
411,437,0
411,344,0
411,434,0
411,243,0
411,1067,0
411,656,0
411,326,0
411,1103,0
411,1074,0
411,319,0
411,1075,0
411,1086,0
411,1126,0
411,263,0
411,10,0
411,676,0
411,305,0
411,612,0
411,836,0
411,228,0
411,774,0
411,365,0
940,83,0
940,829,0
940,949,1
940,546,0
940,630,0
940,57,0
940,85,0
940,344,0
940,781,0
940,86,0
940,1361,0
940,838,0
940,527,0
940,493,0
940,680,0
940,1128,0
940,1130,0
940,1119,0
940,921,1
940,29,0
940,105,0
940,475,0
940,463,0
940,12,0
940,835,0
940,836,0
940,823,0
940,88,0
940,72,0
940,64,0
940,59,0
940,1382,0
571,609,0
215,223,1
215,230,1
598,237,0
598,141,0
598,83,0
598,343,0
598,829,0
598,949,0
598,546,0
598,142,0
598,630,0
598,57,0
598,235,0
598,594,0
598,85,0
598,344,0
598,781,0
598,838,0
598,446,0
598,527,0
598,243,0
598,493,0
598,242,0
598,656,0
598,326,0
598,1103,0
598,680,0
598,1076,0
598,279,1
598,133,0
598,1128,0
598,261,0
598,1130,0
598,1119,0
598,921,0
598,29,0
598,1127,0
598,1126,0
598,868,0
598,263,0
598,105,0
598,475,0
598,676,0
598,463,0
598,846,0
598,12,0
598,612,0
598,835,0
598,940,0
598,968,0
598,836,0
598,823,0
598,228,0
598,774,0
598,72,0
598,171,0
598,64,0
598,824,0
598,59,0
598,1382,0
759,586,0
759,790,1
759,183,0
759,552,0
759,181,0
759,816,0
759,609,0
759,46,1
759,344,1
759,230,0
759,391,0
759,121,0
759,478,0
759,691,0
759,646,0
759,694,0
759,27,1
759,498,1
759,1119,0
759,470,0
759,129,0
759,505,1
759,306,0
759,476,0
759,49,1
759,835,0
759,163,0
759,375,1
759,984,0
759,616,0
759,986,0
163,586,0
163,790,1
163,183,0
163,552,0
163,181,0
163,816,0
163,609,0
163,46,1
163,344,1
163,542,0
163,230,0
163,391,0
163,916,0
163,527,0
163,121,0
163,478,0
163,691,0
163,646,0
163,911,0
163,694,0
163,1114,0
163,27,1
163,498,1
163,1119,0
163,470,0
163,129,1
163,505,1
163,850,0
163,306,0
163,853,0
163,476,0
163,1120,0
163,49,1
163,835,0
163,759,1
163,375,1
163,562,0
163,984,0
163,616,0
163,986,0
89,223,0
89,586,0
89,40,0
89,343,0
89,342,0
89,590,0
89,609,0
89,806,0
89,807,0
89,740,0
89,230,0
89,44,0
89,93,0
89,645,0
89,34,0
89,530,0
89,508,0
89,285,0
89,905,0
89,694,0
89,521,0
89,292,0
89,1114,0
89,456,0
89,1049,0
89,936,0
89,498,0
89,276,0
89,471,0
89,505,0
89,529,0
89,918,0
89,850,0
89,113,0
89,1054,0
89,566,0
89,984,0
89,946,0
89,603,0
89,65,0
836,344,0
188,1007,0
188,1005,1
188,1010,1
188,1000,1
188,1015,0
188,296,1
188,103,0
188,289,1
188,893,0
188,104,0
188,891,1
188,438,0
188,1023,1
375,586,0
375,790,1
375,183,0
375,552,0
375,181,0
375,816,0
375,609,0
375,46,1
375,344,1
375,230,0
375,391,0
375,121,0
375,478,0
375,691,0
375,646,0
375,694,0
375,27,1
375,498,1
375,1119,0
375,470,0
375,129,0
375,505,1
375,306,0
375,476,0
375,49,1
375,835,0
375,759,1
375,163,0
375,984,0
375,616,0
375,986,0
823,83,0
823,829,1
823,949,0
823,594,0
823,85,0
823,344,0
823,838,0
823,1130,0
823,868,0
823,463,0
823,846,0
823,835,1
823,968,0
823,824,0
88,83,0
88,949,0
88,546,0
88,85,0
88,86,1
88,921,0
88,463,0
88,940,0
228,237,1
228,546,0
228,344,0
228,243,1
228,656,0
228,326,0
228,1126,0
228,263,0
228,676,0
228,774,0
228,824,0
566,586,0
566,342,0
566,807,1
566,740,0
566,93,0
566,645,0
566,694,0
566,918,0
566,850,0
566,113,0
566,984,0
566,946,0
576,237,0
576,141,0
576,83,0
576,380,0
576,424,0
576,949,0
576,587,0
576,546,0
576,585,0
576,142,0
576,630,0
576,1373,0
576,383,0
576,382,0
576,369,0
576,594,0
576,85,0
576,147,0
576,437,0
576,1148,0
576,344,0
576,781,0
576,1361,0
576,434,0
576,446,0
576,527,0
576,243,0
576,1067,0
576,656,0
576,326,0
576,1103,1
576,680,1
576,279,0
576,1074,0
576,133,0
576,319,0
576,1128,0
576,1075,0
576,1119,1
576,1086,0
576,921,0
576,458,0
576,1133,0
576,1126,0
576,263,0
576,105,0
576,10,0
576,306,0
576,676,0
576,305,0
576,463,0
576,612,0
576,940,0
576,968,0
576,598,0
576,228,0
576,774,0
576,365,0
576,588,0
576,549,0
576,561,0
576,171,0
576,824,0
576,59,0
576,1369,0
576,1382,0
562,586,1
562,790,1
562,183,1
562,552,1
562,181,1
562,816,1
562,609,1
562,46,1
562,344,1
562,542,1
562,230,1
562,391,1
562,916,1
562,527,1
562,121,0
562,478,1
562,691,1
562,646,1
562,911,1
562,694,1
562,457,1
562,1114,1
562,27,1
562,498,1
562,1119,1
562,470,1
562,129,1
562,505,1
562,850,1
562,306,1
562,853,1
562,476,1
562,1120,1
562,49,1
562,835,1
562,759,1
562,163,1
562,375,1
562,984,1
562,616,1
562,986,1
984,586,0
984,552,0
984,609,0
984,230,0
984,916,0
984,646,0
984,694,0
984,1114,0
984,498,0
984,1119,0
984,505,0
984,529,0
984,850,0
984,306,0
984,835,0
984,616,0
984,986,0
774,237,0
774,343,0
774,344,0
774,838,0
774,243,0
774,656,1
774,326,1
774,261,0
774,1127,0
774,1126,1
774,676,1
774,612,0
774,228,0
628,183,0
628,552,0
628,591,0
628,977,1
628,437,0
628,542,0
628,583,0
628,391,0
628,421,0
628,916,0
628,646,1
628,1088,1
628,865,0
628,1103,0
628,694,0
628,680,0
628,872,1
628,498,0
628,1119,1
628,868,0
628,505,0
628,529,1
628,850,1
628,39,0
628,933,0
628,1120,1
628,835,1
628,968,1
628,984,0
628,824,1
628,616,1
9,5,1
370,630,0
370,344,0
370,1103,0
370,680,0
365,237,0
365,343,0
365,380,1
365,424,0
365,546,0
365,383,0
365,382,1
365,369,0
365,235,0
365,437,0
365,344,0
365,434,0
365,838,0
365,446,0
365,527,0
365,243,0
365,1067,0
365,242,0
365,656,1
365,326,1
365,1103,0
365,1076,0
365,1074,0
365,319,0
365,1128,0
365,1075,0
365,261,0
365,1119,0
365,1086,0
365,1127,0
365,1126,1
365,263,0
365,10,0
365,676,1
365,305,0
365,612,0
365,411,0
365,836,0
365,228,0
365,774,1
72,83,0
72,949,0
72,57,0
72,85,0
72,344,0
72,86,0
72,493,0
72,680,0
72,921,0
72,29,1
72,475,0
72,463,0
72,12,0
72,940,0
72,64,0
72,59,0
946,40,0
946,342,0
946,590,0
946,93,0
946,34,0
946,285,0
946,292,0
946,936,0
946,498,0
946,276,0
946,505,0
946,850,0
946,113,0
946,65,0
588,829,0
588,587,1
588,630,0
588,57,0
588,344,0
588,781,0
588,493,0
588,680,0
588,29,0
588,458,0
588,868,0
588,475,0
588,846,0
588,12,0
588,835,0
588,836,0
588,823,0
588,72,0
588,549,1
588,561,1
588,64,0
588,59,0
549,829,0
549,587,1
549,630,0
549,57,0
549,344,0
549,781,0
549,493,0
549,680,0
549,29,0
549,458,0
549,868,0
549,475,0
549,846,0
549,12,0
549,835,0
549,836,0
549,823,0
549,72,0
549,588,1
549,561,1
549,64,0
549,59,0
561,829,0
561,587,1
561,630,0
561,57,0
561,344,0
561,781,0
561,493,0
561,680,0
561,29,0
561,458,0
561,868,0
561,475,0
561,846,0
561,12,0
561,835,0
561,836,0
561,823,0
561,72,0
561,588,1
561,549,1
561,64,0
561,59,0
171,237,0
171,141,1
171,343,0
171,380,0
171,829,0
171,546,0
171,142,0
171,630,0
171,57,0
171,383,0
171,382,0
171,235,0
171,594,0
171,147,0
171,344,0
171,781,0
171,838,0
171,446,0
171,527,0
171,243,0
171,493,0
171,242,0
171,656,0
171,326,0
171,1103,1
171,680,0
171,1076,0
171,279,0
171,133,1
171,1128,0
171,261,0
171,1130,0
171,1119,0
171,29,0
171,1127,0
171,1126,0
171,263,0
171,475,0
171,676,0
171,463,0
171,846,0
171,12,0
171,612,0
171,835,0
171,411,0
171,968,0
171,598,0
171,836,0
171,823,0
171,228,0
171,774,0
171,72,0
171,64,0
171,824,0
171,59,0
603,223,0
603,586,0
603,40,0
603,342,0
603,590,0
603,609,0
603,807,0
603,740,0
603,230,0
603,93,0
603,645,0
603,34,0
603,530,0
603,508,0
603,285,0
603,905,0
603,694,0
603,521,0
603,292,0
603,1114,0
603,456,0
603,936,0
603,498,0
603,276,1
603,471,0
603,505,0
603,529,0
603,918,0
603,850,0
603,113,0
603,89,0
603,566,0
603,984,0
603,946,0
603,65,0
70,343,0
70,380,0
70,383,0
70,382,0
70,235,0
70,437,0
70,1148,0
70,344,0
70,434,0
70,446,0
70,1067,0
70,242,0
70,656,0
70,326,0
70,1076,0
70,1074,0
70,261,0
70,1130,0
70,1119,0
70,1086,0
70,1127,0
70,1126,0
70,10,1
70,676,0
70,463,0
70,612,0
70,774,0
70,365,0
64,83,0
64,829,0
64,949,0
64,57,1
64,85,0
64,344,0
64,86,0
64,493,0
64,680,0
64,1130,0
64,921,0
64,29,1
64,475,0
64,463,0
64,846,0
64,12,1
64,835,0
64,940,0
64,823,0
64,88,0
64,72,1
64,59,0
824,968,0
59,83,0
59,829,0
59,949,0
59,630,0
59,57,0
59,235,0
59,85,0
59,344,0
59,781,0
59,86,0
59,838,0
59,446,0
59,493,1
59,242,0
59,656,0
59,326,0
59,680,0
59,1076,0
59,261,0
59,1130,0
59,1119,0
59,921,0
59,29,0
59,1127,0
59,1126,0
59,475,1
59,676,0
59,463,0
59,846,0
59,12,0
59,612,0
59,835,0
59,940,0
59,836,0
59,823,0
59,774,0
59,72,0
59,64,0
65,40,1
65,34,1
1369,237,0
1369,141,0
1369,83,0
1369,343,0
1369,380,0
1369,829,0
1369,949,1
1369,546,0
1369,585,0
1369,142,0
1369,630,0
1369,1373,1
1369,57,0
1369,382,0
1369,369,0
1369,1366,0
1369,235,0
1369,594,0
1369,85,0
1369,344,0
1369,781,0
1369,86,0
1369,1361,1
1369,838,0
1369,446,1
1369,453,0
1369,527,0
1369,243,0
1369,493,0
1369,242,0
1369,656,1
1369,326,1
1369,1103,1
1369,680,1
1369,1076,0
1369,279,0
1369,133,0
1369,1128,0
1369,261,0
1369,1130,0
1369,1119,1
1369,921,1
1369,29,0
1369,1133,1
1369,1127,0
1369,1126,1
1369,263,0
1369,105,0
1369,475,0
1369,676,1
1369,463,0
1369,846,0
1369,12,0
1369,612,1
1369,835,0
1369,940,1
1369,968,0
1369,598,0
1369,836,0
1369,823,0
1369,88,0
1369,228,0
1369,576,0
1369,774,1
1369,365,0
1369,72,0
1369,171,0
1369,64,0
1369,824,0
1369,59,0
1369,1382,1
1382,83,0
1382,343,0
1382,829,0
1382,949,1
1382,546,0
1382,630,0
1382,1373,0
1382,594,0
1382,85,0
1382,344,0
1382,781,0
1382,1361,0
1382,838,0
1382,446,0
1382,527,0
1382,493,0
1382,656,0
1382,326,0
1382,1103,0
1382,680,0
1382,279,0
1382,1128,0
1382,261,0
1382,1130,0
1382,1119,0
1382,921,1
1382,29,0
1382,1133,0
1382,1127,0
1382,1126,0
1382,263,0
1382,105,0
1382,475,0
1382,676,0
1382,463,0
1382,612,0
1382,835,0
1382,940,1
1382,968,0
1382,598,0
1382,836,0
1382,823,0
1382,774,0
1382,72,0
1382,824,0
1382,1369,0
616,586,0
616,790,0
616,183,0
616,552,0
616,977,0
616,816,0
616,609,0
616,46,0
616,437,0
616,344,0
616,542,0
616,391,0
616,916,0
616,478,0
616,691,0
616,646,1
616,1088,0
616,694,0
616,872,0
616,27,0
616,498,0
616,1119,1
616,470,0
616,129,0
616,505,0
616,529,0
616,850,0
616,306,0
616,39,0
616,476,0
616,1120,0
616,49,0
616,835,1
616,968,0
616,759,0
616,163,0
616,375,0
616,984,0
616,628,0
616,824,0
616,986,0
979,552,1
979,977,0
979,583,1
979,850,0
986,586,1
986,552,1
986,344,1
986,916,0
986,646,1
986,694,1
986,498,1
986,1119,1
986,470,1
986,505,1
986,850,0
986,306,0
986,835,1
986,984,1
986,616,1
1023,1007,0
1023,1005,1
1023,1010,0
1023,1000,1
1023,1015,0
1023,296,0
1023,103,0
1023,289,0
1023,893,0
1023,104,0
1023,891,0
1023,438,0
1023,188,0
544,797,0
544,726,0
544,767,0
544,776,0
741,3,0
741,1073,1
741,689,1
741,649,1
741,415,1
620,654,1
620,672,1
797,767,1
797,776,1
3,649,1
3,415,1
1073,741,0
1073,3,0
1073,689,0
1073,649,0
1073,415,0
864,3,0
864,874,1
864,649,0
864,415,0
654,620,1
654,672,1
672,620,1
672,654,1
689,741,0
689,3,0
689,1073,0
689,649,1
689,415,1
885,726,0
649,3,0
649,689,0
649,415,0
767,797,1
767,776,1
776,797,0
776,767,0
876,784,0
973,879,0
879,973,0
1199,1172,0
1199,1198,0
1199,1207,1
1199,1298,0
1199,1339,0
1199,1249,0
1199,1274,0
1199,1276,0
1199,1302,0
1199,1290,0
1199,1278,0
1199,1250,0
1199,1190,0
1199,1230,0
1199,1232,0
1199,1180,0
1172,1199,0
1172,1207,0
1172,1250,0
1172,1190,0
1172,1180,1
1173,1217,0
1173,1228,0
1173,1267,0
1173,1310,0
1173,1289,0
1173,1263,0
1173,1247,0
1173,1320,0
1173,1255,0
1173,1193,0
1173,1195,0
1198,1199,1
1198,1172,0
1198,1207,1
1198,1206,0
1198,1298,1
1198,1339,1
1198,1305,0
1198,1249,0
1198,1274,1
1198,1276,1
1198,1302,1
1198,1290,1
1198,1319,0
1198,1278,0
1198,1250,0
1198,1282,0
1198,1243,0
1198,1323,0
1198,1190,0
1198,1350,0
1198,1230,0
1198,1232,0
1198,1347,0
1198,1236,0
1198,1340,0
1198,1194,0
1198,1180,0
1207,1199,1
1207,1172,0
1207,1198,0
1207,1298,0
1207,1339,0
1207,1249,0
1207,1274,0
1207,1276,0
1207,1302,0
1207,1290,0
1207,1278,0
1207,1250,0
1207,1190,0
1207,1230,0
1207,1232,0
1207,1180,0
1206,1199,1
1206,1172,0
1206,1198,1
1206,1207,1
1206,1298,1
1206,1339,1
1206,1305,1
1206,1249,0
1206,1274,1
1206,1276,1
1206,1302,1
1206,1290,1
1206,1319,0
1206,1282,0
1206,1323,1
1206,1190,0
1206,1230,0
1206,1232,0
1206,1180,0
1217,1173,1
1217,1176,1
1217,1228,1
1217,1267,1
1217,1310,1
1217,1315,1
1217,1300,1
1217,1289,1
1217,1263,1
1217,1326,1
1217,1247,1
1217,1320,1
1217,1255,1
1217,1193,1
1217,1186,1
1217,1237,1
1217,1195,1
1229,1311,0
1229,1265,0
1229,1333,0
1229,1327,0
1229,1292,0
1229,1244,0
1229,1334,0
1229,1280,0
1229,1191,0
1229,1218,1
1229,1226,1
1229,1352,0
1229,1342,0
1176,1173,1
1176,1217,1
1176,1228,1
1176,1267,1
1176,1310,1
1176,1315,1
1176,1300,1
1176,1289,1
1176,1263,1
1176,1326,1
1176,1247,1
1176,1320,1
1176,1255,1
1176,1193,1
1176,1186,1
1176,1237,1
1176,1195,1
1228,1173,1
1228,1217,1
1228,1176,1
1228,1267,1
1228,1310,1
1228,1315,1
1228,1300,1
1228,1289,1
1228,1263,1
1228,1326,1
1228,1247,1
1228,1320,1
1228,1255,1
1228,1193,1
1228,1186,1
1228,1237,1
1228,1195,1
283,286,0
1298,1199,0
1298,1172,0
1298,1198,0
1298,1207,0
1298,1339,1
1298,1305,0
1298,1249,0
1298,1274,0
1298,1276,1
1298,1302,1
1298,1290,1
1298,1319,0
1298,1282,0
1298,1323,0
1298,1190,0
1298,1350,0
1298,1230,0
1298,1232,0
1298,1347,0
1298,1234,0
1298,1180,0
1267,1173,1
1267,1217,0
1267,1176,0
1267,1228,0
1267,1310,1
1267,1315,1
1267,1300,1
1267,1289,1
1267,1263,1
1267,1326,1
1267,1247,1
1267,1320,1
1267,1255,1
1267,1193,0
1267,1186,0
1267,1237,0
1267,1195,0
1310,1173,0
1310,1217,0
1310,1176,0
1310,1228,0
1310,1267,0
1310,1315,1
1310,1300,1
1310,1289,1
1310,1263,1
1310,1326,1
1310,1247,1
1310,1320,0
1310,1255,1
1310,1193,0
1310,1186,0
1310,1237,0
1310,1195,0
1339,1199,0
1339,1172,0
1339,1198,0
1339,1207,0
1339,1298,1
1339,1305,0
1339,1249,0
1339,1274,0
1339,1276,1
1339,1302,1
1339,1290,1
1339,1319,0
1339,1282,0
1339,1323,0
1339,1190,0
1339,1350,0
1339,1230,0
1339,1232,0
1339,1347,0
1339,1234,0
1339,1180,0
1305,1298,1
1305,1339,1
1305,1276,1
1305,1302,1
1305,1290,1
1305,1319,0
1305,1282,0
1305,1323,1
1305,1350,0
1305,1234,0
1305,1180,0
1311,1229,0
1311,1265,1
1311,1333,0
1311,1327,1
1311,1292,1
1311,1244,1
1311,1334,0
1311,1280,1
1311,1191,0
1311,1218,0
1311,1226,0
1311,1352,0
1311,1342,0
1265,1229,0
1265,1311,1
1265,1333,0
1265,1327,1
1265,1292,1
1265,1244,1
1265,1334,0
1265,1280,1
1265,1191,0
1265,1218,0
1265,1226,0
1265,1352,0
1265,1342,0
1249,1199,1
1249,1172,1
1249,1198,1
1249,1207,1
1249,1206,0
1249,1298,1
1249,1339,1
1249,1305,0
1249,1274,1
1249,1276,1
1249,1302,1
1249,1290,1
1249,1319,0
1249,1278,0
1249,1250,0
1249,1282,0
1249,1243,0
1249,1323,0
1249,1190,1
1249,1350,0
1249,1230,1
1249,1232,1
1249,1347,0
1249,1236,0
1249,1340,0
1249,1194,0
1249,1180,1
1315,1173,0
1315,1217,0
1315,1176,0
1315,1228,0
1315,1267,0
1315,1310,1
1315,1300,1
1315,1289,1
1315,1263,1
1315,1326,1
1315,1247,1
1315,1320,0
1315,1255,1
1315,1193,0
1315,1186,0
1315,1237,0
1315,1195,0
1300,1173,0
1300,1217,0
1300,1176,0
1300,1228,0
1300,1267,0
1300,1310,1
1300,1315,1
1300,1289,1
1300,1263,1
1300,1326,1
1300,1247,1
1300,1320,0
1300,1255,1
1300,1193,0
1300,1186,0
1300,1237,0
1300,1195,0
1274,1199,1
1274,1172,0
1274,1198,1
1274,1207,1
1274,1206,0
1274,1298,1
1274,1339,1
1274,1305,0
1274,1249,0
1274,1276,1
1274,1302,1
1274,1290,1
1274,1319,0
1274,1278,0
1274,1250,0
1274,1282,0
1274,1243,0
1274,1323,0
1274,1190,0
1274,1350,0
1274,1230,0
1274,1232,0
1274,1347,0
1274,1236,0
1274,1340,0
1274,1194,0
1274,1180,0
1289,1173,0
1289,1217,0
1289,1176,0
1289,1228,0
1289,1267,0
1289,1310,1
1289,1315,1
1289,1300,1
1289,1263,1
1289,1326,1
1289,1247,1
1289,1320,0
1289,1255,1
1289,1193,0
1289,1186,0
1289,1237,0
1289,1195,0
1276,1298,0
1276,1339,0
1276,1305,0
1276,1302,0
1276,1290,1
1276,1319,0
1276,1282,0
1276,1323,0
1276,1350,0
1276,1180,0
1302,1199,0
1302,1172,0
1302,1198,0
1302,1207,0
1302,1298,1
1302,1339,1
1302,1305,0
1302,1249,0
1302,1274,0
1302,1276,1
1302,1290,1
1302,1319,0
1302,1282,0
1302,1323,0
1302,1190,0
1302,1350,0
1302,1230,0
1302,1232,0
1302,1347,0
1302,1234,0
1302,1180,0
1263,1173,0
1263,1217,0
1263,1176,0
1263,1228,0
1263,1267,0
1263,1310,0
1263,1315,0
1263,1300,0
1263,1289,0
1263,1326,0
1263,1247,0
1263,1320,0
1263,1255,0
1263,1193,0
1263,1186,0
1263,1237,0
1263,1195,0
1326,1173,0
1326,1217,0
1326,1176,0
1326,1228,0
1326,1267,0
1326,1310,1
1326,1315,1
1326,1300,1
1326,1289,1
1326,1263,1
1326,1247,1
1326,1320,0
1326,1255,1
1326,1193,0
1326,1186,0
1326,1237,0
1326,1195,0
300,286,0
300,303,0
1333,1327,0
1333,1292,0
1333,1334,0
1333,1218,0
1333,1342,0
1327,1333,0
1327,1292,1
1327,1334,0
1327,1218,0
1327,1342,0
1247,1173,0
1247,1217,0
1247,1176,0
1247,1228,0
1247,1267,0
1247,1310,1
1247,1315,1
1247,1300,1
1247,1289,1
1247,1263,1
1247,1326,1
1247,1320,0
1247,1255,1
1247,1193,0
1247,1186,0
1247,1237,0
1247,1195,0
1253,1324,1
1253,1337,1
1253,1354,0
1290,1298,0
1290,1339,0
1290,1305,0
1290,1276,1
1290,1302,0
1290,1319,0
1290,1282,0
1290,1323,0
1290,1350,0
1290,1180,0
1292,1333,0
1292,1327,1
1292,1334,0
1292,1218,0
1292,1342,0
1319,1298,1
1319,1339,1
1319,1305,1
1319,1276,1
1319,1302,1
1319,1290,1
1319,1282,1
1319,1323,1
1319,1350,0
1319,1234,0
1319,1180,0
303,286,0
303,300,1
1324,1253,1
1324,1337,1
1324,1354,0
1278,1199,0
1278,1172,0
1278,1207,0
1278,1276,0
1278,1290,0
1278,1250,0
1278,1190,0
1278,1180,0
1250,1199,0
1250,1172,0
1250,1207,0
1250,1278,0
1250,1190,0
1250,1350,0
1250,1347,0
1250,1180,0
1244,1229,0
1244,1311,0
1244,1265,0
1244,1333,0
1244,1327,1
1244,1292,1
1244,1334,0
1244,1280,0
1244,1191,0
1244,1218,0
1244,1226,0
1244,1352,0
1244,1342,0
1334,1333,1
1334,1327,0
1334,1292,0
1334,1218,0
1334,1342,0
1320,1173,1
1320,1217,0
1320,1176,0
1320,1228,0
1320,1267,1
1320,1310,1
1320,1315,1
1320,1300,1
1320,1289,1
1320,1263,1
1320,1326,1
1320,1247,1
1320,1255,1
1320,1193,0
1320,1186,0
1320,1237,0
1320,1195,0
1255,1173,0
1255,1217,0
1255,1176,0
1255,1228,0
1255,1267,0
1255,1310,1
1255,1315,1
1255,1300,1
1255,1289,1
1255,1263,1
1255,1326,1
1255,1247,1
1255,1320,0
1255,1193,0
1255,1186,0
1255,1237,0
1255,1195,0
1282,1298,0
1282,1339,0
1282,1305,0
1282,1276,1
1282,1302,0
1282,1290,1
1282,1319,0
1282,1323,0
1282,1350,0
1282,1234,0
1282,1180,0
1280,1229,0
1280,1311,1
1280,1265,1
1280,1333,0
1280,1327,1
1280,1292,1
1280,1244,1
1280,1334,0
1280,1191,0
1280,1218,0
1280,1226,0
1280,1352,0
1280,1342,0
1243,1199,1
1243,1172,1
1243,1198,1
1243,1207,1
1243,1298,1
1243,1339,1
1243,1249,1
1243,1274,1
1243,1276,1
1243,1302,1
1243,1290,1
1243,1278,1
1243,1250,1
1243,1190,1
1243,1350,1
1243,1230,1
1243,1232,1
1243,1347,1
1243,1236,1
1243,1340,1
1243,1194,1
1243,1180,1
1323,1298,1
1323,1339,1
1323,1305,1
1323,1276,1
1323,1302,1
1323,1290,1
1323,1319,0
1323,1282,0
1323,1350,0
1323,1234,0
1323,1180,0
1337,1253,1
1337,1324,1
1337,1354,0
1190,1199,1
1190,1172,1
1190,1198,0
1190,1207,1
1190,1298,0
1190,1339,0
1190,1249,0
1190,1274,0
1190,1276,0
1190,1302,0
1190,1290,0
1190,1278,0
1190,1250,0
1190,1230,0
1190,1232,0
1190,1180,1
1191,1229,0
1191,1311,0
1191,1265,0
1191,1333,0
1191,1327,0
1191,1292,0
1191,1244,0
1191,1334,0
1191,1280,0
1191,1218,1
1191,1226,0
1191,1352,0
1191,1342,0
1350,1172,0
1350,1298,0
1350,1339,0
1350,1305,0
1350,1276,0
1350,1302,0
1350,1290,0
1350,1319,0
1350,1250,0
1350,1282,0
1350,1323,0
1350,1347,0
1350,1234,0
1350,1180,0
1218,1333,0
1218,1327,0
1218,1292,0
1218,1334,0
1218,1342,0
1230,1199,1
1230,1172,1
1230,1198,1
1230,1207,1
1230,1206,0
1230,1298,1
1230,1339,1
1230,1305,0
1230,1249,1
1230,1274,1
1230,1276,1
1230,1302,1
1230,1290,1
1230,1319,0
1230,1278,0
1230,1250,0
1230,1282,0
1230,1243,0
1230,1323,0
1230,1190,1
1230,1350,0
1230,1232,1
1230,1347,0
1230,1236,0
1230,1340,0
1230,1194,0
1230,1180,1
1226,1229,1
1226,1311,0
1226,1265,0
1226,1333,0
1226,1327,0
1226,1292,0
1226,1244,0
1226,1334,0
1226,1280,0
1226,1191,0
1226,1218,1
1226,1352,0
1226,1342,0
1232,1199,1
1232,1172,1
1232,1198,1
1232,1207,1
1232,1206,0
1232,1298,1
1232,1339,1
1232,1305,0
1232,1249,1
1232,1274,1
1232,1276,1
1232,1302,1
1232,1290,1
1232,1319,0
1232,1278,0
1232,1250,0
1232,1282,0
1232,1243,0
1232,1323,0
1232,1190,1
1232,1350,0
1232,1230,1
1232,1347,0
1232,1236,0
1232,1340,0
1232,1194,0
1232,1180,1
1352,1229,1
1352,1311,0
1352,1265,0
1352,1333,1
1352,1327,0
1352,1292,0
1352,1244,0
1352,1334,0
1352,1280,0
1352,1191,0
1352,1218,1
1352,1226,1
1352,1342,1
1193,1173,1
1193,1217,1
1193,1176,1
1193,1228,1
1193,1267,1
1193,1310,1
1193,1315,1
1193,1300,1
1193,1289,1
1193,1263,1
1193,1326,1
1193,1247,1
1193,1320,1
1193,1255,1
1193,1186,1
1193,1237,1
1193,1195,1
1186,1173,1
1186,1217,1
1186,1176,1
1186,1228,1
1186,1267,1
1186,1310,1
1186,1315,1
1186,1300,1
1186,1289,1
1186,1263,1
1186,1326,1
1186,1247,1
1186,1320,1
1186,1255,1
1186,1193,1
1186,1237,1
1186,1195,1
1347,1172,0
1347,1298,0
1347,1339,0
1347,1276,0
1347,1302,0
1347,1290,0
1347,1250,0
1347,1350,1
1347,1180,1
1237,1173,0
1237,1217,0
1237,1176,0
1237,1228,0
1237,1267,0
1237,1310,1
1237,1315,1
1237,1300,1
1237,1289,1
1237,1263,1
1237,1326,1
1237,1247,1
1237,1320,0
1237,1255,1
1237,1193,0
1237,1186,0
1237,1195,0
1342,1229,0
1342,1311,0
1342,1265,0
1342,1333,1
1342,1327,0
1342,1292,0
1342,1244,0
1342,1334,0
1342,1280,0
1342,1191,0
1342,1218,1
1342,1226,0
1342,1352,0
1236,1199,1
1236,1172,0
1236,1198,1
1236,1207,1
1236,1298,1
1236,1339,1
1236,1249,0
1236,1274,1
1236,1276,1
1236,1302,1
1236,1290,1
1236,1278,0
1236,1250,1
1236,1243,0
1236,1190,0
1236,1350,1
1236,1230,0
1236,1232,0
1236,1347,0
1236,1340,0
1236,1194,1
1236,1180,0
1234,1298,1
1234,1339,1
1234,1305,1
1234,1276,1
1234,1302,1
1234,1290,1
1234,1319,0
1234,1282,0
1234,1323,1
1234,1350,1
1234,1347,0
1234,1180,0
1340,1199,1
1340,1172,1
1340,1198,1
1340,1207,1
1340,1298,1
1340,1339,1
1340,1249,1
1340,1274,1
1340,1276,1
1340,1302,1
1340,1290,1
1340,1278,1
1340,1250,1
1340,1243,1
1340,1190,1
1340,1350,1
1340,1230,1
1340,1232,1
1340,1347,1
1340,1236,1
1340,1194,1
1340,1180,1
1195,1173,1
1195,1217,1
1195,1176,1
1195,1228,1
1195,1267,1
1195,1310,1
1195,1315,1
1195,1300,1
1195,1289,1
1195,1263,1
1195,1326,1
1195,1247,1
1195,1320,1
1195,1255,1
1195,1193,1
1195,1186,1
1195,1237,1
1194,1199,1
1194,1172,0
1194,1198,1
1194,1207,1
1194,1298,1
1194,1339,1
1194,1249,0
1194,1274,1
1194,1276,1
1194,1302,1
1194,1290,1
1194,1278,0
1194,1250,1
1194,1243,0
1194,1190,0
1194,1350,1
1194,1230,0
1194,1232,0
1194,1347,0
1194,1236,1
1194,1340,0
1194,1180,0
1180,1172,0
741,1025,0
1073,1025,0
689,1025,0
1025,741,0
1025,1073,0
1025,689,0
1025,649,0
1025,415,0
690,746,0
690,755,0
690,700,1
690,1256,1
700,746,0
700,755,0
700,690,1
700,1256,1
1256,746,0
1256,755,0
1256,690,0
1256,700,0
963,784,0
963,876,0
876,963,0
544,968,0
544,824,0
875,1390,0
1073,968,0
1073,824,0
771,776,0
776,771,0
741,337,0
741,665,0
741,923,0
741,403,0
741,824,0
337,642,0
337,665,0
337,923,0
337,403,0
337,824,0
1073,337,0
1073,665,0
1073,923,0
1073,403,0
642,337,0
642,904,0
642,665,1
642,923,0
642,403,0
642,824,0
904,337,0
904,642,1
904,665,1
904,923,1
904,403,0
665,337,0
665,642,0
665,923,0
665,403,0
665,824,0
923,337,0
923,642,0
923,665,0
923,403,0
923,824,0
689,337,0
689,665,0
689,923,0
689,403,0
689,824,0
6,474,0
194,532,0
194,176,1
194,239,1
998,474,0
532,194,1
532,176,1
532,239,1
474,6,0
176,194,1
176,532,0
176,239,1
239,194,0
239,532,0
239,176,0
431,1161,0
1166,782,0
1166,967,0
1166,662,0
1166,602,0
779,330,0
779,1151,0
779,199,0
225,524,1
225,1118,0
225,1125,0
225,1068,0
782,1166,0
782,967,0
782,662,1
782,602,0
1161,431,1
436,431,0
436,1161,0
436,37,0
436,26,0
436,511,1
436,516,0
967,1166,0
967,782,1
967,662,1
967,602,0
37,26,0
524,225,0
524,1118,0
524,1125,0
524,1068,0
441,779,0
441,26,0
441,330,0
441,1151,0
441,199,0
119,110,0
26,37,1
330,779,0
330,199,0
1118,225,0
1118,524,0
1118,1125,1
1118,1068,0
1125,225,0
1125,524,0
1125,1118,0
1125,1068,0
511,431,0
511,1161,0
511,436,1
511,37,0
511,26,0
511,516,0
110,119,0
516,431,0
516,1161,0
516,436,1
516,37,0
516,26,0
516,511,1
1068,225,0
1068,524,0
1068,1118,0
1068,1125,0
199,779,0
199,330,1
602,1166,0
602,782,0
602,967,0
602,662,0
436,186,1
186,431,0
186,436,0
186,37,0
186,26,0
186,511,0
186,516,0
511,186,1
516,186,1
582,870,0
582,866,0
582,830,0
870,582,0
866,582,0
1392,1391,1
1391,1392,1
830,582,0
1364,1365,0
1166,82,0
1166,961,0
1166,387,0
1166,78,0
1166,1016,0
1166,582,0
1166,724,0
1166,874,0
1166,870,0
1166,866,0
1166,301,0
1166,698,0
1166,919,0
1166,830,0
1166,373,0
1365,1364,0
82,1166,0
82,782,0
82,387,0
82,78,0
82,582,0
82,724,0
82,874,0
82,870,0
82,866,0
82,301,0
82,698,0
82,662,0
82,830,0
82,602,0
961,1166,1
961,782,1
961,967,1
961,1016,0
961,582,1
961,724,1
961,874,1
961,870,1
961,866,1
961,301,0
961,698,1
961,662,1
961,919,0
961,830,1
961,373,1
961,602,0
631,1364,0
631,1166,0
631,1365,0
631,82,0
631,782,0
631,387,0
631,597,0
631,78,0
631,582,0
631,724,0
631,282,0
631,874,0
631,870,0
631,866,0
631,301,0
631,698,0
631,273,0
631,298,0
631,662,0
631,919,0
631,830,0
631,373,0
631,602,0
782,82,0
782,961,0
782,387,0
782,78,0
782,1016,0
782,582,0
782,724,0
782,874,0
782,870,0
782,866,0
782,301,0
782,698,0
782,919,0
782,830,0
782,373,0
387,874,0
387,662,0
967,961,0
967,1016,0
967,582,0
967,724,0
967,874,0
967,870,0
967,866,0
967,301,0
967,698,0
967,919,0
967,830,0
967,373,0
78,1166,0
78,82,0
78,782,0
78,387,0
78,582,0
78,724,0
78,874,0
78,870,0
78,866,0
78,301,0
78,698,0
78,662,0
78,830,0
78,602,0
582,82,0
582,78,0
582,724,0
582,874,0
582,698,0
582,662,0
297,730,0
297,307,1
724,1166,0
724,82,0
724,782,0
724,387,0
724,78,0
724,582,0
724,874,0
724,870,0
724,866,0
724,301,0
724,698,1
724,662,0
724,830,0
724,602,0
282,597,0
282,273,0
282,298,1
870,724,0
870,874,0
870,698,0
870,662,0
866,874,0
866,662,0
711,663,0
301,1166,0
301,782,0
301,724,0
301,874,0
301,698,0
301,662,0
301,602,0
698,1166,0
698,82,0
698,782,0
698,387,0
698,78,0
698,582,0
698,724,1
698,874,0
698,870,0
698,866,0
698,301,0
698,662,0
698,830,0
698,602,0
713,711,0
713,663,0
713,789,0
273,597,0
273,282,0
273,298,0
298,597,0
298,282,1
298,273,0
663,711,0
307,297,0
307,711,0
307,663,0
662,82,0
662,387,0
662,78,0
662,582,0
662,724,0
662,874,0
662,870,0
662,866,0
662,698,0
662,830,0
919,1166,0
919,82,0
919,961,0
919,782,0
919,387,0
919,967,0
919,78,0
919,1016,0
919,582,0
919,724,0
919,874,0
919,870,0
919,866,0
919,301,0
919,698,0
919,662,0
919,830,0
919,373,0
919,602,0
830,874,0
830,662,0
373,1364,0
373,1365,0
602,82,0
602,961,0
602,387,0
602,78,0
602,1016,0
602,582,0
602,724,0
602,874,0
602,870,0
602,866,0
602,301,0
602,698,0
602,919,0
602,830,0
602,373,0
789,711,0
789,713,0
992,1166,0
992,961,0
992,782,0
992,967,0
992,1016,0
992,582,0
992,724,0
992,874,0
992,870,0
992,866,0
992,301,0
992,698,0
992,662,0
992,919,0
992,830,0
992,373,0
992,602,0
41,25,1
41,32,1
25,41,1
25,32,1
32,41,1
32,25,1
856,472,0
472,856,0
644,682,0
682,644,1
619,1364,0
619,1365,0
619,622,1
619,730,0
619,1056,0
619,1147,0
619,611,0
619,170,0
622,1364,0
622,1365,0
622,619,1
622,730,0
622,1056,0
622,1147,0
622,611,0
622,170,0
1375,730,0
730,619,0
730,622,0
730,611,0
678,619,0
678,622,0
678,321,0
678,727,0
678,653,0
678,732,1
678,325,0
678,659,1
678,704,0
678,667,1
678,675,0
678,611,0
321,325,1
727,653,0
727,704,1
727,675,0
653,727,0
653,704,0
653,675,0
732,619,0
732,622,0
732,678,0
732,727,0
732,653,0
732,659,0
732,704,0
732,667,0
732,675,0
732,611,0
642,619,0
642,622,0
642,321,0
642,727,0
642,653,0
642,732,0
642,325,0
642,704,0
642,667,0
642,675,0
642,611,0
325,321,0
665,321,0
665,732,0
665,325,0
665,667,0
665,675,0
659,619,0
659,622,0
659,678,1
659,321,0
659,727,0
659,653,0
659,732,1
659,325,0
659,704,0
659,667,1
659,675,0
659,611,0
704,727,0
704,653,0
704,675,0
667,619,0
667,622,0
667,678,0
667,321,0
667,727,0
667,653,0
667,732,1
667,642,0
667,325,0
667,665,0
667,659,0
667,704,0
667,675,0
667,611,0
1052,678,0
1052,321,0
1052,727,0
1052,732,0
1052,642,0
1052,325,0
1052,665,0
1052,659,0
1052,704,0
1052,667,0
1052,1056,0
1052,675,0
1052,362,1
1052,1147,0
1052,1357,1
1052,1381,1
1052,775,0
1052,950,0
1052,170,1
1056,619,0
1056,622,0
1056,362,0
1056,1147,0
1056,611,0
1056,170,0
138,619,0
138,622,0
138,730,0
675,619,0
675,622,0
675,727,0
675,653,0
675,704,0
675,611,0
362,1364,0
362,1056,0
362,1147,0
362,170,1
1147,170,0
611,1364,0
611,1365,0
611,619,1
611,622,1
611,730,0
611,1056,0
611,1147,0
611,170,0
1357,619,0
1357,622,0
1357,678,0
1357,321,0
1357,727,0
1357,653,0
1357,732,0
1357,642,0
1357,325,0
1357,665,0
1357,659,0
1357,704,0
1357,667,0
1357,1052,1
1357,1056,0
1357,675,0
1357,362,1
1357,1147,0
1357,611,0
1357,1381,1
1357,775,0
1357,950,0
1357,170,1
371,126,1
1381,678,0
1381,321,0
1381,727,0
1381,732,0
1381,642,0
1381,325,0
1381,665,0
1381,659,0
1381,704,0
1381,667,0
1381,1052,1
1381,1056,0
1381,675,0
1381,362,1
1381,1147,0
1381,1357,1
1381,775,0
1381,950,0
1381,170,1
775,678,0
775,321,0
775,732,0
775,642,0
775,325,0
775,665,0
775,659,0
775,667,0
775,950,0
950,321,1
950,642,0
950,325,1
950,665,0
950,1056,0
950,1147,0
950,775,0
170,1364,0
170,1147,0
744,692,1
744,1378,1
333,785,1
333,713,1
333,789,1
713,785,0
713,333,0
1378,744,1
1378,692,1
789,785,0
789,333,0
68,387,0
68,582,0
68,874,0
68,870,0
68,866,0
68,662,0
68,67,1
68,830,0
1166,68,0
1166,67,0
782,68,0
782,67,0
387,68,0
387,67,0
967,68,0
967,67,0
582,68,0
582,67,0
870,68,0
870,67,0
866,68,0
866,67,0
662,68,0
662,67,0
919,68,0
919,67,0
67,68,0
67,582,0
67,874,0
67,870,0
67,866,0
67,662,0
67,830,0
830,68,0
830,67,0
633,725,0
633,1093,0
633,846,0
633,821,0
1167,633,0
1167,725,0
1167,131,0
1167,1093,0
1167,846,0
1167,821,0
1167,771,1
1167,361,1
1167,776,0
791,553,0
791,760,1
1159,131,1
1159,821,0
1159,1146,0
1159,361,0
553,791,0
553,760,0
219,568,0
568,219,0
679,155,0
725,633,0
725,1093,0
725,846,0
725,821,0
1093,633,0
1093,725,0
1093,846,0
1093,821,0
1087,1185,0
821,633,0
821,725,0
821,1093,0
821,846,0
1146,1159,0
1146,131,0
771,633,0
771,1167,0
771,725,0
771,131,0
771,1093,0
771,846,0
771,821,0
771,361,0
361,633,0
361,1167,1
361,725,0
361,131,0
361,821,0
361,771,1
361,776,0
760,791,1
760,553,0
776,633,0
776,1167,0
776,725,0
776,131,0
776,1093,0
776,846,0
776,821,0
776,361,0
154,1155,0
154,1141,1
1155,154,0
1155,1141,0
1141,154,1
1141,1155,0
1157,152,0
197,236,1
197,220,1
197,1111,0
197,1066,1
197,1116,0
197,522,0
236,197,1
236,220,1
236,1111,0
236,1066,1
236,1116,0
236,522,0
220,197,1
220,236,1
220,1111,0
220,1066,1
220,1116,0
220,522,0
1111,197,0
1111,236,0
1111,220,0
1111,1066,0
1111,1116,1
1111,522,0
1066,197,0
1066,236,0
1066,220,0
1066,1111,0
1066,1116,0
1066,522,0
1116,197,0
1116,236,0
1116,220,0
1116,1111,1
1116,1066,0
1116,522,0
522,197,1
522,236,1
522,220,1
522,1111,1
522,1066,1
522,1116,1
267,501,0
222,268,0
222,711,0
222,329,0
222,663,0
268,711,0
268,663,0
329,222,1
329,268,0
329,711,0
329,663,0
755,155,0
556,847,0
35,1025,0
35,66,1
700,155,0
700,1229,0
700,282,0
700,1311,0
700,1265,0
700,295,0
700,301,0
700,1333,0
700,1327,0
700,1292,0
700,1244,0
700,298,0
700,1334,0
700,1280,0
700,1226,0
700,1352,0
700,1342,0
847,556,0
847,1049,0
1025,35,0
1025,66,0
66,35,1
66,1025,0
1039,1073,1
1039,1033,1
1039,1025,1
1039,415,1
1073,1039,0
1073,1033,0
1033,1039,1
1033,1073,1
1033,1025,1
1033,415,1
1025,1039,0
1025,1033,0
693,716,1
716,693,1
144,151,1
151,144,1
